iso3,country,year,region,income,population,gdp_pc_ppp,fertility,life_exp,u5_mort,urban_pct
AFG,Afghanistan,2022,"Middle East, North Africa, Afghanistan & Pakistan",Low income,40578842,1981.71016810561,4.932,65.617,56.8,25.3939250580909
ALB,Albania,2022,Europe & Central Asia,Upper middle income,2451636,19388.7927279351,1.355,78.769,9.4,57.8643477747383
DZA,Algeria,2022,"Middle East, North Africa, Afghanistan & Pakistan",Upper middle income,45477389,14782.2002970247,2.817,76.129,22.3,74.1795862354514
AND,Andorra,2022,Europe & Central Asia,High income,79705,63913.3835079105,1.071,84.016,2.7,88.7548766267286
AGO,Angola,2022,Sub-Saharan Africa,Lower middle income,35635029,8750.99363032299,5.209,64.246,51.9,69.0506188977513
ATG,Antigua and Barbuda,2022,Latin America & Caribbean,High income,92840,27785.5572316838,1.58,77.483,9.6,24.5114484000414
ARG,Argentina,2022,Latin America & Caribbean,Upper middle income,45407904,27825.0273492567,1.482,75.806,9.9,92.112838186126
ARM,Armenia,2022,Europe & Central Asia,Upper middle income,2969200,17886.1783877168,1.7,74.7658536585366,10.5,65.5624462874485
AUS,Australia,2022,East Asia & Pacific,High income,26018721,60029.1329190733,1.63,83.2,3.7,87.3343268253813
AUT,Austria,2022,Europe & Central Asia,High income,9041851,65694.4591501468,1.41,81.2951219512195,3.3,68.998085127906
AZE,Azerbaijan,2022,Europe & Central Asia,Upper middle income,10141756,21051.2442291612,1.67,74.125,19.6,58.4382815854684
BHS,"Bahamas, The",2022,Latin America & Caribbean,High income,397538,34342.9285316569,1.379,74.491,12.9,81.3200717047725
BHR,Bahrain,2022,"Middle East, North Africa, Afghanistan & Pakistan",High income,1524693,57572.997981018,1.839,80.992,8.4,100
BGD,Bangladesh,2022,South Asia,Lower middle income,169384897,7888.16389098304,2.179,74.265,30.7,31.673734726234
BRB,Barbados,2022,Latin America & Caribbean,High income,282318,20494.5343836936,1.712,75.676,10.4,59.3538514107686
BLR,Belarus,2022,Europe & Central Asia,Upper middle income,9228071,26537.5083081674,1.326,74.1033658536585,2.6,78.4732787892908
BEL,Belgium,2022,Europe & Central Asia,High income,11680210,62602.9270469765,1.53,81.7487804878049,3.8,87.489200269855
BLZ,Belize,2022,Latin America & Caribbean,Upper middle income,402733,12565.3645829576,1.949,72.19,12.8,42.1373251262137
BEN,Benin,2022,Sub-Saharan Africa,Lower middle income,13759501,3588.32519938147,4.634,60.475,79.6,50.9627000010887
BTN,Bhutan,2022,South Asia,Lower middle income,780914,14061.3120274588,1.478,72.754,19,40.9365143617581
BOL,Bolivia,2022,Latin America & Caribbean,Lower middle income,12077154,11487.7148799194,2.584,67.434,17.3,70.6352598708131
BIH,Bosnia and Herzegovina,2022,Europe & Central Asia,Upper middle income,3204802,19298.117076437,1.481,76.777,6.2,51.0215287060993
BWA,Botswana,2022,Sub-Saharan Africa,Upper middle income,2439892,18647.3734588832,2.785,68.749,35.7,66.5889787170477
BRA,Brazil,2022,Latin America & Caribbean,Upper middle income,210306415,18554.0461828566,1.629,74.872,14.6,87.349556243881
BRN,Brunei Darussalam,2022,East Asia & Pacific,High income,455370,76357.829114996,1.764,72.917,10.2,74.7772642014221
BGR,Bulgaria,2022,Europe & Central Asia,High income,6465097,32433.6587569626,1.78,74.1609756097561,6.1,73.4799164005224
BFA,Burkina Faso,2022,Sub-Saharan Africa,Low income,22509038,2469.19956941259,4.275,60.7,79.8,27.2791369742712
BDI,Burundi,2022,Sub-Saharan Africa,Low income,13321097,1028.11134640179,4.98,62.882,50.3,22.3202446002597
CPV,Cabo Verde,2022,Sub-Saharan Africa,Upper middle income,519741,8850.1066918812,1.533,75.907,12.1,75.033738060849
KHM,Cambodia,2022,East Asia & Pacific,Lower middle income,17201724,6458.3681488084,2.616,70.528,19.9,40.374616187368
CMR,Cameroon,2022,Sub-Saharan Africa,Lower middle income,27632771,4843.65038202917,4.397,62.443,69.4,54.8458745688318
CAN,Canada,2022,North America,High income,38950132,58583.1299860138,1.34,81.0948780487805,5.3,82.3500897353968
CAF,Central African Republic,2022,Sub-Saharan Africa,Low income,5098039,1136.80171107045,6.023,18.818,424.6,43.2751967457285
TCD,Chad,2022,Sub-Saharan Africa,Low income,18455316,2449.48251052296,6.215,54.528,103.9,25.7635558629694
CHL,Chile,2022,Latin America & Caribbean,High income,19553036,29560.4513805785,1.255,79.176,6.8,88.6395352768685
CHN,China,2022,East Asia & Pacific,Upper middle income,1412175000,21499.3125559757,1.034,78.202,6.6,65.2176361083984
COL,Colombia,2022,Latin America & Caribbean,Upper middle income,51737944,18458.7209460704,1.663,76.508,12.3,78.0464633137335
COM,Comoros,2022,Sub-Saharan Africa,Lower middle income,834188,3465.8402271705,3.935,66.481,41.4,32.7746035528748
COD,"Congo, Dem. Rep.",2022,Sub-Saharan Africa,Low income,102396968,1484.33841881449,6.106,60.979,92.5,44.003287663813
COG,"Congo, Rep.",2022,Sub-Saharan Africa,Lower middle income,6035104,6205.1050414034,4.215,65,41.5,63.6422003342807
CRI,Costa Rica,2022,Latin America & Caribbean,High income,5081765,25290.0087466975,1.335,79.316,9.9,78.4405687613972
CIV,Cote d'Ivoire,2022,Sub-Saharan Africa,Lower middle income,30395002,6272.26395760029,4.349,61.562,68.7,52.8492549676673
HRV,Croatia,2022,Europe & Central Asia,High income,3855641,39863.9109377649,1.53,77.5756097560976,4.6,56.9977571733605
CYP,Cyprus,2022,Europe & Central Asia,High income,1331370,50840.9140625,1.393,80.434,4.1,66.6694829407584
CZE,Czechia,2022,Europe & Central Asia,High income,10672118,48390.661678675,1.64,78.9292682926829,2.7,72.6967638379524
DNK,Denmark,2022,Europe & Central Asia,High income,5903037,69089.4692492289,1.55,81.3048780487805,3.8,88.3880239837703
DJI,Djibouti,2022,"Middle East, North Africa, Afghanistan & Pakistan",Lower middle income,1137096,6180.67998594606,2.653,65.54,52.1,72.6109938538856
DMA,Dominica,2022,Latin America & Caribbean,Upper middle income,66826,17550.8009946466,1.482,71.081,35,72.682648635692
DOM,Dominican Republic,2022,Latin America & Caribbean,Upper middle income,11230734,22986.95808105,2.267,74.211,32.3,72.4203155643711
ECU,Ecuador,2022,Latin America & Caribbean,Upper middle income,17823897,14186.6388544625,1.861,76.577,13.2,63.0901835932266
EGY,"Egypt, Arab Rep.",2022,"Middle East, North Africa, Afghanistan & Pakistan",Lower middle income,112618250,16360.390775011,2.75,71.01,23.5,42.6325129008032
SLV,El Salvador,2022,Latin America & Caribbean,Upper middle income,6280319,11085.6166169553,1.785,71.969,10.8,74.1465021298679
GNQ,Equatorial Guinea,2022,Sub-Saharan Africa,Upper middle income,1803545,16932.7706827155,4.17,63.355,72.8,70.8910029445467
EST,Estonia,2022,Europe & Central Asia,High income,1348840,43124.6196563775,1.41,77.8439024390244,2.2,70.4892333736738
SWZ,Eswatini,2022,Sub-Saharan Africa,Lower middle income,1218917,9927.60567008139,2.801,63.028,47.3,25.396682918542
ETH,Ethiopia,2022,Sub-Saharan Africa,Low income,125384287,2655.59276743639,4.082,66.897,68.1,22.7367687225342
FJI,Fiji,2022,East Asia & Pacific,Upper middle income,919422,12118.3182710082,2.305,67.148,28.9,58.1352701465266
FIN,Finland,2022,Europe & Central Asia,High income,5556106,57068.3056478074,1.32,81.1878048780488,2.4,73.6967597835949
FRA,France,2022,Europe & Central Asia,High income,68184457,53673.8137406422,1.78,82.1292682926829,4.3,78.7591921123356
GAB,Gabon,2022,Sub-Saharan Africa,Upper middle income,2430747,18662.0497970472,3.712,67.713,34.7,91.2243355459988
GMB,"Gambia, The",2022,Sub-Saharan Africa,Low income,2636470,2863.18049829859,4.078,64.859,45.3,63.2869880996278
GEO,Georgia,2022,Europe & Central Asia,Upper middle income,3712502,20966.5280391134,1.82,74.141,9,60.0101622679115
DEU,Germany,2022,Europe & Central Asia,High income,83177813,63777.9291029299,1.455,80.6080487804878,3.7,81.7867852780995
GHA,Ghana,2022,Sub-Saharan Africa,Lower middle income,33149152,6728.45413832472,3.434,65.246,38.6,57.250609602871
GRC,Greece,2022,Europe & Central Asia,High income,10437805,35828.1756641776,1.32,80.7878048780488,4,78.5502190980809
GRD,Grenada,2022,Latin America & Caribbean,Upper middle income,116913,16376.4273099594,1.502,75.151,18.5,36.3688840183487
GTM,Guatemala,2022,Latin America & Caribbean,Upper middle income,17847877,12144.4800461597,2.343,71.206,21.9,55.2581228215265
GIN,Guinea,2022,Sub-Saharan Africa,Lower middle income,14055137,3792.01068836277,4.303,60.432,97.6,37.2384967469106
GNB,Guinea-Bissau,2022,Sub-Saharan Africa,Low income,2105529,2600.802474483,3.911,63.605,72,45.1627159118652
GUY,Guyana,2022,Latin America & Caribbean,High income,821637,37068.1993827588,2.437,69.888,26.9,26.4536735068183
HTI,Haiti,2022,Latin America & Caribbean,Lower middle income,11503606,3029.77866381702,2.699,63.948,56.2,53.8524949966907
HND,Honduras,2022,Latin America & Caribbean,Lower middle income,10463872,6352.58710177732,2.522,72.715,16,57.8364689017254
HUN,Hungary,2022,Europe & Central Asia,High income,9605074,40610.9711368238,1.57,75.8682926829268,3.9,70.1585064243445
ISL,Iceland,2022,Europe & Central Asia,High income,382003,66581.2441801002,1.589,82.119512195122,2.9,94.1787071228028
IND,India,2022,South Asia,Lower middle income,1425423212,8347.38478647086,1.994,71.698,29.5,34.7555673994206
IDN,Indonesia,2022,East Asia & Pacific,Upper middle income,278830529,13334.2653947637,2.149,70.925,19.1,57.4934704226599
IRN,"Iran, Islamic Rep.",2022,"Middle East, North Africa, Afghanistan & Pakistan",Upper middle income,89524246,16377.9610645368,1.704,76.799,12.1,76.3342208862305
IRQ,Iraq,2022,"Middle East, North Africa, Afghanistan & Pakistan",Upper middle income,44070551,13433.3977166956,3.294,72.037,23.3,69.8682861328125
IRL,Ireland,2022,Europe & Central Asia,High income,5212836,123007.47648651,1.51,82.509756097561,3.7,63.8920250215059
ISR,Israel,2022,"Middle East, North Africa, Afghanistan & Pakistan",High income,9557500,48132.3637205177,2.89,82.7,3.4,91.4979834273327
ITA,Italy,2022,Europe & Central Asia,High income,59013667,52333.3274270604,1.24,82.7,2.8,69.4839779766539
JAM,Jamaica,2022,Latin America & Caribbean,Upper middle income,2839144,11096.6377085321,1.372,71.481,18.4,57.9879906034775
JPN,Japan,2022,East Asia & Pacific,High income,125124989,46819.360613609,1.26,83.9963414634146,2.4,91.9776532428406
JOR,Jordan,2022,"Middle East, North Africa, Afghanistan & Pakistan",Upper middle income,11256263,10158.4738771524,2.679,77.088,13.7,92.4048379066163
KAZ,Kazakhstan,2022,Europe & Central Asia,Upper middle income,20034609,33506.2614893237,3.05,73.503,9.8,61.444157327248
KEN,Kenya,2022,Sub-Saharan Africa,Lower middle income,54252461,5491.69378280246,3.262,63.549,40.5,31.4307820066946
KIR,Kiribati,2022,East Asia & Pacific,Lower middle income,130469,3127.17745381556,3.182,66.269,55.9,60.5739126559419
KOR,"Korea, Rep.",2022,East Asia & Pacific,High income,51672569,53228.6035655365,0.778,82.6804878048781,2.9,81.1624941626873
XKX,Kosovo,2022,Europe & Central Asia,Upper middle income,1768096,13022.4627441502,1.555,77.623,9.5,47.8001996538455
KWT,Kuwait,2022,"Middle East, North Africa, Afghanistan & Pakistan",High income,4589643,51379.8833194119,1.546,80.5878048780488,8.6,100
KGZ,Kyrgyz Republic,2022,Europe & Central Asia,Lower middle income,6975220,6139.77788825006,2.8,72.0487804878049,17.3,34.7003053497743
LAO,Lao PDR,2022,East Asia & Pacific,Lower middle income,7559007,8183.03286472653,2.455,68.715,31.8,38.0682382805397
LVA,Latvia,2022,Europe & Central Asia,High income,1879383,37718.7097958367,1.47,74.2780487804878,3,68.2570218109034
LBN,Lebanon,2022,"Middle East, North Africa, Afghanistan & Pakistan",Lower middle income,5744489,11474.7505845558,2.263,78.003,16.3,90.206313713022
LSO,Lesotho,2022,Sub-Saharan Africa,Lower middle income,2286110,2577.54544127769,2.716,56.812,62,41.6703965165322
LBR,Liberia,2022,Sub-Saharan Africa,Low income,5373294,1578.99837069175,4.016,61.934,87.8,54.4591057083
LBY,Libya,2022,"Middle East, North Africa, Afghanistan & Pakistan",Upper middle income,7223805,11450.0598552928,2.402,74.462,10.4,87.8486088593786
LTU,Lithuania,2022,Europe & Central Asia,High income,2831639,46642.5947251086,1.27,75.6439024390244,3.5,68.2866452426813
LUX,Luxembourg,2022,Europe & Central Asia,High income,653103,132570.832272626,1.31,82.9463414634147,2.3,94.7605400940185
MDG,Madagascar,2022,Sub-Saharan Africa,Low income,30437261,1602.42805197529,4.036,63.068,64.5,31.5397813465886
MWI,Malawi,2022,Sub-Saharan Africa,Low income,20568728,1659.95933825168,3.72,66.037,50.1,16.7146031979436
MYS,Malaysia,2022,East Asia & Pacific,Upper middle income,34695493,32129.2217820113,1.55,75.444,8.2,75.9741357073003
MDV,Maldives,2022,South Asia,Upper middle income,524106,21357.8112511153,1.583,80.76,6,41.0641769690663
MLI,Mali,2022,Sub-Saharan Africa,Low income,23072640,2813.81095962565,5.692,60.035,79.7,30.4015705681899
MLT,Malta,2022,"Middle East, North Africa, Afghanistan & Pakistan",High income,531113,56874.4339327368,1.08,82.2975609756098,5.6,95.6003155132879
MHL,Marshall Islands,2022,East Asia & Pacific,Upper middle income,40077,6937.75357050514,2.936,66.725,28.5,77.9855966195187
MRT,Mauritania,2022,Sub-Saharan Africa,Lower middle income,4875637,6053.26178124768,4.77,68.281,39.4,58.8120996197226
MUS,Mauritius,2022,Sub-Saharan Africa,Upper middle income,1262523,25005.0666145723,1.33,73.5146341463415,15.5,39.0000125885784
MEX,Mexico,2022,Latin America & Caribbean,Upper middle income,128613117,21391.8573698845,1.94,73.973,13.8,79.199683215791
FSM,"Micronesia, Fed. Sts.",2022,East Asia & Pacific,Upper middle income,112114,3815.79465699672,2.785,66.961,23.9,22.4122701819053
MDA,Moldova,2022,Europe & Central Asia,Upper middle income,2528654,15350.3120408391,1.694,71.546,16,42.4048843383789
MNG,Mongolia,2022,East Asia & Pacific,Upper middle income,3433748,15310.4349469163,2.7,71.9007317073171,13.9,69.783805847168
MNE,Montenegro,2022,Europe & Central Asia,Upper middle income,623591,25583.3155690619,1.8,76.1878048780488,2.6,65.4012965440866
MAR,Morocco,2022,"Middle East, North Africa, Afghanistan & Pakistan",Lower middle income,37329064,8690.4482421875,2.256,75.161,17,62.5118468550703
MOZ,Mozambique,2022,Sub-Saharan Africa,Low income,32656246,1476.73432917026,4.84,63.011,63.9,35.0536638047945
MMR,Myanmar,2022,East Asia & Pacific,Lower middle income,53756787,5350.47666899931,2.131,66.506,39.5,30.311095757938
NAM,Namibia,2022,Sub-Saharan Africa,Lower middle income,2889662,9953.09752403491,3.248,64.19,41.6,49.5291037671807
NRU,Naoero,2022,East Asia & Pacific,High income,11801,12019.3492868791,3.379,61.93,9.3,100
NPL,Nepal,2022,South Asia,Lower middle income,29715436,4763.38751073946,2.002,70.087,27.1,66.2992968721053
NLD,Netherlands,2022,Europe & Central Asia,High income,17700982,71324.0360229425,1.49,81.6146341463415,4,94.9856177734136
NZL,New Zealand,2022,East Asia & Pacific,High income,5081700,49842.9845334162,1.67,81.9585365853658,5,83.8547305017812
NIC,Nicaragua,2022,Latin America & Caribbean,Lower middle income,6730654,7277.82041652584,2.24,74.463,14.3,58.9954376220703
NER,Niger,2022,Sub-Saharan Africa,Low income,25311973,1724.89699425215,6.135,60.398,116,17.477207007512
NGA,Nigeria,2022,Sub-Saharan Africa,Lower middle income,223150896,7752.26206495247,4.552,54.079,117.5,61.3727650622225
MKD,North Macedonia,2022,Europe & Central Asia,Upper middle income,1831712,22822.2333994259,1.6,74.4248780487805,4.2,61.9530566607267
NOR,Norway,2022,Europe & Central Asia,High income,5457127,95109.8201605729,1.41,82.509756097561,2.4,82.9563661816034
OMN,Oman,2022,"Middle East, North Africa, Afghanistan & Pakistan",High income,4730226,39780.2122774985,2.449,77.911,10.5,80.0117053152301
PAK,Pakistan,2022,"Middle East, North Africa, Afghanistan & Pakistan",Lower middle income,243700667,5526.27928310213,3.662,67.417,59.7,38.3740439760816
PLW,Palau,2022,East Asia & Pacific,High income,17759,16258.6271292912,1.927,68.922,22.4,79.1134831712956
PAN,Panama,2022,Latin America & Caribbean,High income,4400773,33915.1693306309,2.139,79.324,15.1,65.8211343914956
PNG,Papua New Guinea,2022,East Asia & Pacific,Lower middle income,10203169,4126.03032145403,3.165,65.274,41.9,14.7358658260841
PRY,Paraguay,2022,Latin America & Caribbean,Upper middle income,6760464,15222.8920228598,2.444,72.319,17.5,68.6396537819458
PER,Peru,2022,Latin America & Caribbean,Upper middle income,33475438,15566.5242612563,2.004,76.834,13.7,84.3663554951194
PHL,Philippines,2022,East Asia & Pacific,Upper middle income,113964338,9457.10395402883,1.929,69.472,27.5,54.7902343568327
POL,Poland,2022,Europe & Central Asia,High income,36821749,43405.0215797441,1.29,77.1560975609756,4.3,59.8315488048321
PRT,Portugal,2022,Europe & Central Asia,High income,10434332,41070.8611529744,1.43,81.6317073170732,3.3,61.1259255772782
QAT,Qatar,2022,"Middle East, North Africa, Afghanistan & Pakistan",High income,2657333,114740.12361423,1.739,81.857,6.1,99.243997525719
ROU,Romania,2022,Europe & Central Asia,High income,19048502,39256.8260854977,1.71,75.1536585365854,6.6,52.1634832477272
RUS,Russian Federation,2022,Europe & Central Asia,High income,144236933,38214.69140625,1.416,72.5456097560976,5.4,74.8544893625017
RWA,Rwanda,2022,Sub-Saharan Africa,Low income,13651030,2983.10774007304,3.778,67.528,39.7,27.7806702737761
WSM,Samoa,2022,East Asia & Pacific,Upper middle income,215261,6450.19151677842,3.883,71.55,15.8,17.5007949951039
SMR,San Marino,2022,Europe & Central Asia,High income,33755,70887.5780565982,1.136,85.708,1.4,97.1141889380465
STP,Sao Tome and Principe,2022,Sub-Saharan Africa,Lower middle income,226305,5632.13890715047,3.695,69.237,14.7,68.3720919798341
SAU,Saudi Arabia,2022,"Middle East, North Africa, Afghanistan & Pakistan",High income,32175224,67178.5902274906,2.14,77.31,6.4,84.1349430023993
SEN,Senegal,2022,Sub-Saharan Africa,Lower middle income,17651103,4228.73382643662,3.864,67.788,40.1,53.4435061024348
SRB,Serbia,2022,Europe & Central Asia,Upper middle income,6664449,24651.8478183529,1.59,75.2365853658537,5.4,61.9013813540396
SYC,Seychelles,2022,Sub-Saharan Africa,High income,119878,27275.6883819803,2.2,74.509756097561,14.5,44.9108209981157
SLE,Sierra Leone,2022,Sub-Saharan Africa,Low income,8276807,2934.7332634039,3.876,61.275,97.1,44.2666343543487
SGP,Singapore,2022,East Asia & Pacific,High income,5637022,134828.001392614,1.04,82.8951219512195,2.5,100
SVK,Slovak Republic,2022,Europe & Central Asia,High income,5431752,38648.9855746919,1.57,76.9658536585366,6.1,53.1902831072528
SVN,Slovenia,2022,Europe & Central Asia,High income,2112076,47058.8865960028,1.55,81.2829268292683,2.3,55.3377817873563
SLB,Solomon Islands,2022,East Asia & Pacific,Lower middle income,781066,2330.40164523401,3.62,70.409,21.3,29.3511689856806
SOM,"Somalia, Fed. Rep.",2022,Sub-Saharan Africa,Low income,17801897,1387.54753732191,6.255,53.931,143.1,53.5010115886789
ZAF,South Africa,2022,Sub-Saharan Africa,Upper middle income,62378410,13767.4967589936,2.227,65.454,34.3,63.4766699210327
ESP,Spain,2022,Europe & Central Asia,High income,47786102,46733.4809780536,1.16,83.1341463414634,3.2,79.9548794567814
LKA,Sri Lanka,2022,South Asia,Upper middle income,22181000,13249.0650505201,1.984,77.3,6.3,19.9877933196367
KNA,St. Kitts and Nevis,2022,Latin America & Caribbean,High income,46709,29749.8700864823,1.512,70.313,16.8,31.6156404983167
LCA,St. Lucia,2022,Latin America & Caribbean,Upper middle income,178781,22811.2524480383,1.387,72.67,17.7,29.097678526676
VCT,St. Vincent and the Grenadines,2022,Latin America & Caribbean,Upper middle income,102046,16835.023514541,1.791,71.191,12.3,47.585897833353
SDN,Sudan,2022,Sub-Saharan Africa,Low income,49383346,3132.0771484375,4.384,65.695,51,34.7209852053086
SUR,Suriname,2022,Latin America & Caribbean,Upper middle income,623164,18742.5873760369,2.274,73.254,16.8,65.8985443115234
SWE,Sweden,2022,Europe & Central Asia,High income,10486941,62544.5002248644,1.53,83.0585365853659,2.5,88.4038576504809
CHE,Switzerland,2022,Europe & Central Asia,High income,8777088,85762.2829174304,1.39,83.6048780487805,3.9,84.9206266284521
SYR,Syrian Arab Republic,2022,"Middle East, North Africa, Afghanistan & Pakistan",Low income,22462173,4579.43973633341,2.746,72.79,20.7,72.6124992370605
TJK,Tajikistan,2022,Europe & Central Asia,Lower middle income,10182222,4213.75618362687,3.127,71.562,29.4,26.1957126615618
TZA,Tanzania,2022,Sub-Saharan Africa,Lower middle income,64711821,3546.98095703125,4.671,66.879,40.1,34.8234736377147
THA,Thailand,2022,East Asia & Pacific,Upper middle income,71735329,20768.4800093577,1.221,75.291,9.5,59.742374420166
TLS,Timor-Leste,2022,East Asia & Pacific,Lower middle income,1369295,5348.49182701353,2.801,67.368,50.7,28.5857292288968
TGO,Togo,2022,Sub-Saharan Africa,Lower middle income,8068616,3086.40878742334,4.253183,62.292,60,42.7332327975627
TON,Tonga,2022,East Asia & Pacific,Upper middle income,105042,6811.48234641523,3.171,72.635,10.1,21.147219451842
TTO,Trinidad and Tobago,2022,Latin America & Caribbean,High income,1365805,30784.1112580356,1.544,73.331,19.9,53.9474037904998
TUN,Tunisia,2022,"Middle East, North Africa, Afghanistan & Pakistan",Lower middle income,12119334,12712.22345453,1.847,76.05,13.9,69.707138648303
TUR,Turkiye,2022,Europe & Central Asia,Upper middle income,84979913,33520.8111384208,1.63,77.591,10.2,89.0381164550781
TKM,Turkmenistan,2022,Europe & Central Asia,Upper middle income,7230193,16943.6046037141,2.728,69.913,41.1,47.0592103414926
TCA,Turks and Caicos Islands,2022,Latin America & Caribbean,High income,45847,28209.6242536079,1.477,77.918,5,93.6922471653237
TUV,Tuvalu,2022,East Asia & Pacific,Upper middle income,9992,5044.53984578911,3.244,66.852,20.5,63.3065768081154
UGA,Uganda,2022,Sub-Saharan Africa,Low income,47312719,2724.90609568409,4.388,67.675,50,29.9251969709665
UKR,Ukraine,2022,Europe & Central Asia,Upper middle income,41048766,13787.12109375,0.897,72.658,8.5,69.42345912103
ARE,United Arab Emirates,2022,"Middle East, North Africa, Afghanistan & Pakistan",High income,10074977,70075.63837395,1.148,80.487,5.3,85.5147347682487
GBR,United Kingdom,2022,Europe & Central Asia,High income,67636000,53979.7679116234,1.56,81.0112195121951,4.5,83.0753982997505
USA,United States,2022,North America,High income,333996304,72828.7430907189,1.6565,77.4341463414634,6.5,80.0324978239707
URY,Uruguay,2022,Latin America & Caribbean,High income,3390913,30840.0709827676,1.425,76.468,7.3,95.4977416992188
UZB,Uzbekistan,2022,Europe & Central Asia,Lower middle income,34938955,10091.3877869999,3.396,72.147,14.1,50.9847412109375
VUT,Vanuatu,2022,East Asia & Pacific,Lower middle income,313046,3658.51871182046,3.647,71.302,17.8,22.2541249733107
VNM,Viet Nam,2022,East Asia & Pacific,Upper middle income,99680655,12979.7638983711,1.927,74.502,18.4,37.5478515625
PSE,West Bank and Gaza,2022,"Middle East, North Africa, Afghanistan & Pakistan",Lower middle income,5043612,5753.08395899307,3.375,76.662,14.1,86.5961423216016
ZMB,Zambia,2022,Sub-Saharan Africa,Lower middle income,20152938,3585.12379084347,4.175,65.279,49.5,44.5988511178469
ZWE,Zimbabwe,2022,Sub-Saharan Africa,Lower middle income,16069056,5036.78317732239,3.767,62.36,64,38.7055207169041
